"normalised_date","score","neg","neu","pos","compound","rolling"
"2011-12-31",2,0,0.704,0.296,0.8957,0.8957
"2012-01-01",3.33333333333333,0.0464,0.893366666666667,0.0602333333333333,0.08624,0.121112397085757
"2012-01-02",2.1219512195122,0.0797073170731707,0.818707317073171,0.101560975609756,0.0421268292682927,0.0783882147946882
"2012-01-03",2.59090909090909,0.08,0.817522727272727,0.102477272727273,0.0291386363636364,0.0359524243637475
"2012-01-04",2.725,0.078175,0.833075,0.08875,0.0493875,0.0510890588927218
"2012-01-05",3.58536585365854,0.0581463414634146,0.846829268292683,0.0949756097560975,0.170326829268293,0.195525006010093
"2012-01-06",2.06382978723404,0.0636382978723404,0.825553191489362,0.110808510638298,0.210717021276596,0.185821534510984
"2012-01-07",2.57777777777778,0.0667111111111111,0.803311111111111,0.130044444444444,0.285822222222222,0.349818380098281
"2012-01-08",2.07142857142857,0.0588571428571429,0.836535714285714,0.104607142857143,0.262964285714286,0.370794618932654
"2012-01-09",4.30769230769231,0.0699807692307692,0.831692307692308,0.0984038461538462,0.162417307692308,0.1853016676016
"2012-01-10",2.49230769230769,0.0575076923076923,0.826,0.116461538461538,0.321067692307692,0.325012209974928
"2012-01-11",2.37142857142857,0.0552571428571429,0.864285714285714,0.0804571428571429,0.209465714285714,0.240446764969157
"2012-01-12",3.55882352941176,0.0791764705882353,0.834823529411764,0.0860294117647059,0.05585,0.142809409732424
"2012-01-13",2.44444444444444,0.0552592592592593,0.862037037037037,0.0827037037037037,0.13162962962963,0.109062887595943
"2012-01-14",6.81818181818182,0.0857272727272727,0.809181818181818,0.105,-0.0262,0.0265242424242413
"2012-01-15",4.72916666666667,0.0568541666666667,0.840875,0.102354166666667,0.150527083333333,0.130768535387989
"2012-01-16",3.09230769230769,0.0462923076923077,0.828815384615385,0.124907692307692,0.314681538461538,0.315445212709016
"2012-01-17",4.26530612244898,0.0398775510204082,0.84834693877551,0.111734693877551,0.283675510204082,0.312082267727936
"2012-01-18",3.15789473684211,0.0419473684210526,0.809421052631579,0.148578947368421,0.267221052631579,0.338366931986141
"2012-01-19",5.40476190476191,0.0576904761904762,0.846023809523809,0.0963095238095238,0.184966666666667,0.161034507040578
"2012-01-20",3,0.0827272727272727,0.807636363636363,0.109636363636364,0.159454545454545,0.220638636363635
"2012-01-21",2.8,0.052375,0.821175,0.126425,0.33856,0.330959097338114
"2012-01-22",2.88571428571429,0.0613142857142857,0.817657142857143,0.121028571428571,0.328011428571429,0.394721314962814
"2012-01-23",2.72413793103448,0.0456551724137931,0.812344827586207,0.142,0.521806896551724,0.482520036199432
"2012-01-24",3.40322580645161,0.053983870967742,0.836983870967742,0.10908064516129,0.218193548387097,0.235569882617611
"2012-01-25",3.79411764705882,0.0455294117647059,0.848176470588235,0.106235294117647,0.359744117647059,0.29487028587092
"2012-01-26",4,0.0614,0.85308,0.08544,0.154592,0.156389305328004
"2012-01-27",2.28260869565217,0.0363695652173913,0.832695652173913,0.130869565217391,0.432454347826087,0.404080255119454
"2012-01-28",5.04166666666667,0.0649166666666667,0.84275,0.0921666666666667,0.083225,-0.0196313864838874
"2012-01-29",2.7906976744186,0.0437209302325581,0.847,0.109325581395349,0.35316976744186,0.382113205049354
"2012-01-30",3.47368421052632,0.0566315789473684,0.816,0.127368421052632,0.186642105263158,0.2096979427736
"2012-01-31",2.04761904761905,0.0324285714285714,0.882333333333333,0.0851428571428572,0.317914285714286,0.419309798495154
"2012-02-01",3.53333333333333,0.0453333333333333,0.829966666666666,0.124633333333333,0.4607,0.448274918979168
"2012-02-02",2.84,0.03768,0.83624,0.12616,0.471604,0.429544412698412
"2012-02-03",2.18181818181818,0.0621363636363636,0.810681818181818,0.127272727272727,0.266336363636364,0.153836348058506
"2012-02-04",3.1,0.0551,0.8531,0.0917,0.16847,0.350118999999998
"2012-02-05",3.59090909090909,0.0572272727272727,0.838,0.104727272727273,0.228940909090909,0.221834177489176
"2012-02-06",2.10526315789474,0.0923684210526316,0.822157894736842,0.0856842105263158,0.0888736842105263,0.0200772552593591
"2012-02-07",2.36666666666667,0.0646333333333333,0.826366666666667,0.109066666666667,0.268546666666667,0.262131469937469
"2012-02-08",3.125,0.04225,0.865458333333334,0.0922916666666667,0.176383333333333,0.193691152030838
"2012-02-09",3.13333333333333,0.0648,0.8652,0.0700666666666667,0.0320133333333334,0.12866667195767
"2012-02-10",2.07692307692308,0.0513076923076923,0.871,0.0777692307692308,0.138807692307692,0.31343511294261
"2012-02-11",2.69230769230769,0.0270769230769231,0.808230769230769,0.164846153846154,0.590130769230769,0.524680723443221
"2012-02-12",4.35135135135135,0.087972972972973,0.830216216216216,0.0817297297297297,-0.0626945945945946,0.0128359139273102
"2012-02-13",6.24137931034483,0.0607586206896552,0.820758620689655,0.118448275862069,0.300996551724138,0.23394835239642
"2012-02-14",3.13513513513514,0.051,0.834621621621622,0.114351351351351,0.20995945945946,0.225160607830786
"2012-02-15",2.20689655172414,0.0503793103448276,0.807379310344828,0.142275862068966,0.459763793103448,0.439762614958679
"2012-02-16",2.25,0.0495833333333333,0.817416666666667,0.132916666666667,0.438752777777778,0.446206528369279
"2012-02-17",3.85714285714286,0.0543571428571429,0.861785714285714,0.0838571428571429,0.171467857142857,0.10134399634096
"2012-02-18",2.84210526315789,0.0384736842105263,0.850684210526316,0.110894736842105,0.253121052631579,0.234914962406014
"2012-02-19",2.375,0.04984375,0.81828125,0.132,0.318978125,0.379184446229321
"2012-02-20",1.68181818181818,0.0558636363636364,0.8545,0.0896363636363636,0.17145,0.200296938705233
"2012-02-21",2.78787878787879,0.0491212121212121,0.805545454545455,0.145424242424242,0.323878787878788,0.310676389603662
"2012-02-22",3.08695652173913,0.0603913043478261,0.825521739130435,0.114086956521739,0.266121739130435,0.307299397860593
"2012-02-23",4.21875,0.08665625,0.81496875,0.09828125,0.11453125,0.153568576388888
"2012-02-24",2,0.0376944444444444,0.844388888888889,0.117916666666667,0.433413888888889,0.371483351359288
"2012-02-25",3.7,0.0423,0.8265,0.1312,0.446013333333333,0.510331874203139
"2012-02-26",3.22222222222222,0.0703333333333333,0.847555555555556,0.0820555555555556,0.0953833333333333,-0.0348610405643741
"2012-02-27",2.83333333333333,0.0466111111111111,0.863333333333333,0.0900555555555556,0.323938888888889,0.32242549382716
"2012-02-28",2.6078431372549,0.0852745098039216,0.798254901960784,0.116411764705882,0.0254294117647059,0.0724067748843522
"2012-02-29",4.61904761904762,0.0654285714285714,0.829857142857143,0.104809523809524,0.189185714285714,0.0700960259053115
"2012-03-01",2.19047619047619,0.0546190476190476,0.827285714285714,0.118190476190476,0.334571428571429,0.387396747921391
"2012-03-02",2.32432432432432,0.0912972972972973,0.82827027027027,0.0803783783783784,-0.0790594594594595,-0.0712763796649826
"2012-03-03",2.11538461538462,0.0539230769230769,0.828384615384615,0.117846153846154,0.295980769230769,0.309700746336996
"2012-03-04",2.80952380952381,0.0635714285714286,0.864238095238095,0.0721904761904762,0.0359142857142857,0.0344068537414965
"2012-03-05",2.10344827586207,0.0590689655172414,0.854620689655172,0.0862758620689655,0.0992758620689655,0.0601315931099551
"2012-03-06",4,0.0756956521739131,0.820782608695652,0.103478260869565,0.121204347826087,0.212814475343497
"2012-03-07",3,0.0725909090909091,0.798818181818182,0.128590909090909,0.321845454545455,0.255480032467533
"2012-03-08",2.14285714285714,0.0831142857142857,0.807342857142857,0.1096,0.152051428571429,0.177175527428123
"2012-03-09",2.4,0.10364,0.77776,0.11852,0.148084,0.147111320634921
"2012-03-10",1.66666666666667,0.0556666666666667,0.7984,0.1459,0.353886666666667,0.345436905603656
"2012-03-11",2.07407407407407,0.0568888888888889,0.844925925925926,0.0981111111111111,0.233614814814815,0.246916696616141
"2012-03-12",2.6875,0.06034375,0.8483125,0.09128125,0.122309375,0.0876294319222447
"2012-03-13",2.85294117647059,0.0662352941176471,0.823911764705882,0.109794117647059,0.106305882352941,0.159733895188641
"2012-03-14",3.33333333333333,0.0317777777777778,0.826888888888889,0.141333333333333,0.564322222222222,0.488581481481482
"2012-03-15",2.28947368421053,0.0748421052631579,0.809894736842105,0.115315789473684,0.284976315789474,0.349013263667402
"2012-03-16",3,0.0553076923076923,0.860346153846154,0.0842307692307692,0.162376923076923,0.158511471167721
"2012-03-17",4.35294117647059,0.0631176470588235,0.841941176470588,0.095,0.044835294117647,0.072764304388422
"2012-03-18",1.5,0.1115,0.840142857142857,0.0482857142857143,-0.394371428571429,-0.348065425170068
"2012-03-19",6.33333333333333,0.0473333333333333,0.712666666666667,0.24,0.48295,0.590929166666667
"2012-03-20",3.33333333333333,0.0689444444444444,0.802111111111111,0.129111111111111,0.355738888888889,0.390631221340388
"2012-03-21",5.5,0.0595714285714286,0.848142857142857,0.09225,0.142296428571429,0.167917210666318
"2012-03-22",4.06521739130435,0.0669565217391304,0.841934782608696,0.0910869565217391,0.231158695652174,0.229054868616121
"2012-03-23",3.2280701754386,0.050578947368421,0.826210526315789,0.12321052631579,0.284163157894737,0.297967841863586
"2012-03-24",4.26666666666667,0.0565333333333333,0.773066666666667,0.170466666666667,0.32256,0.389709468253968
"2012-03-25",6.77272727272727,0.102090909090909,0.801954545454545,0.0959545454545454,-0.1183,-0.143259332119901
"2012-03-26",2.34210526315789,0.0723684210526316,0.817394736842105,0.110263157894737,0.1702,0.183161430061167
"2012-03-27",2.08,0.0551,0.85276,0.0922,0.245252,0.247429297126277
"2012-03-28",3.225,0.05475,0.84535,0.099875,0.26817,0.269825332552864
"2012-03-29",3.35714285714286,0.0413809523809524,0.825666666666667,0.132904761904762,0.33625,0.26718823795415
"2012-03-30",1.64285714285714,0.0275714285714286,0.845285714285714,0.127214285714286,0.495535714285714,0.467120178571429
"2012-03-31",2.13333333333333,0.0792666666666667,0.8446,0.0761333333333333,0.152153333333333,0.0892410634920638
"2012-04-01",2.31578947368421,0.0395789473684211,0.815894736842105,0.144578947368421,0.472642105263158,0.417441165413534
"2012-04-02",3.24444444444444,0.0536,0.836977777777778,0.1094,0.249046666666667,0.328784984003937
"2012-04-03",2.25,0.0650833333333333,0.850027777777778,0.0849722222222222,0.183783333333333,0.120635379320411
"2012-04-04",3.1,0.081,0.824833333333333,0.0942666666666667,0.12918,0.130853342231842
"2012-04-05",1.63636363636364,0.0661212121212121,0.821393939393939,0.112575757575758,0.123193939393939,0.138510416774123
"2012-04-06",2.68421052631579,0.0677894736842105,0.830894736842105,0.101315789473684,0.266421052631579,0.264148339598998
"2012-04-07",2.14285714285714,0.0785238095238095,0.801904761904762,0.119666666666667,0.290785714285714,0.255851343537415
"2012-04-08",3.21428571428571,0.0325714285714286,0.877,0.0903571428571429,0.334864285714286,0.336557857142857
